<?xml version="1.0" encoding="UTF-8"?>

<beans xsi:schemaLocation="http://www.springframework.org/schema/beans http://www.springframework.org/schema/beans/spring-beans-4.0.xsd" xmlns:xsi="http://www.w3.org/2001/XMLSchema-instance" xmlns="http://www.springframework.org/schema/beans">

<!-- property injection/setter injection -->



<bean class="com.model.com.lab1.Employee" id="employee">


<property name="employeeId">

<value>101</value>

</property>


<property name="employeeName">

<value>Mahitha</value>

</property>


<property name="salary">

<value>30000</value>

</property>


<property name="businessunit">

<value>Manager</value>

</property>


<property name="age">

<value>21</value>

</property>

</bean>


<bean class="com.model.com.lab1.SBU" id="sbu">


<property name="sbuId">

<value>100</value>

</property>


<property name="sbuName">

<value>Product Engineering Services</value>

</property>


<property name="sbuHead">

<value>Ajay</value>

</property>

</bean>

</beans>